WT residue type,chain ID,Residue #,G,A,V,L,I,M,F,W,P,S,T,C,Y,N,Q,D,E,K,R,H
R,A,451,0.2532,-0.1266,-0.2806,-0.8154,-0.1072,-0.527,-0.8302,-0.7158,0.28,0.22,-0.3334,-0.1512,0.4028,0.0002,-0.113,0.2014,0.3442,-0.1392,0.0114,-0.4204
P,A,457,-0.0524,-0.0484,-0.0248,-0.0244,0.0088,-0.0282,-0.037,-0.053,-0.0058,-0.0416,0.0102,-0.0192,-0.0518,-0.0408,-0.0234,-0.0572,-0.104,0.0578,0.0874,-0.0218
E,A,460,0.1472,0.1494,0.187,0.1938,0.2014,0.2004,0.2844,0.2096,0.5106,0.1388,0.1976,0.171,0.1172,0.178,0.181,0.0604,0.004,0.1872,0.1188,0.1392
R,A,461,-0.1502,-0.081,-0.0918,-0.0638,-0.0894,-0.0656,-0.0434,-0.075,-0.0296,-0.0492,-0.063,-0.0606,-0.0888,-0.0752,-0.0808,-0.0392,-0.013,-0.0646,0.003,-0.01
E,A,465,0.024,-0.0006,-0.058,-0.0818,-0.1204,-0.2336,-0.1074,-0.121,0.012,-0.0232,-0.0778,-0.0478,-0.0634,-0.0006,0.0016,0.075,0.0,-0.144,-0.2202,-0.1038
L,A,466,2.7832,2.2502,0.7094,-0.0178,0.178,-0.0248,0.1954,1.4238,2.3852,2.4172,1.539,1.7532,0.5828,2.065,2.0122,3.0182,2.254,1.4928,1.4838,1.0952
R,A,467,1.5218,1.1368,0.9746,0.5268,0.8404,0.8568,-0.064,0.7172,1.7134,1.4424,0.9176,1.198,0.2898,0.2052,1.2158,2.294,1.6088,0.3866,0.0864,0.2366
R,A,469,0.3706,0.3138,0.2916,0.2666,0.26,0.228,0.267,0.2044,0.2334,0.223,0.2916,0.2774,0.3046,0.302,0.2724,0.5434,0.4698,0.0658,0.0,0.1222
Y,A,470,3.8778,3.2678,1.7326,1.4464,1.6416,0.3042,-0.2168,1.3218,2.5588,3.828,2.1422,3.1224,0.0094,3.6162,2.4178,4.7566,4.3696,2.006,2.0842,2.3816
T,A,471,0.046,-0.028,-0.1192,-0.1778,-0.18,-0.222,-0.0508,-0.137,0.3388,-0.026,-0.032,-0.0394,-0.0438,-0.6388,-1.1874,0.1036,-0.4612,-0.2288,-0.2336,-0.7998
A,A,472,0.02,0.0,0.018,0.011,0.0118,0.0144,0.011,0.0068,-0.0306,-0.008,-0.0034,0.011,0.011,0.0006,0.0036,0.2104,0.1094,-0.0734,-0.1726,0.007
P,A,476,0.7464,0.2946,0.0536,0.009,0.5688,0.0292,0.2714,0.1928,0.0026,0.523,0.8734,0.076,0.1276,0.417,-0.2122,0.917,0.411,0.0458,0.022,0.0128
D,A,479,-0.1494,-0.1226,-0.1034,-0.0958,-0.157,-0.9352,-0.709,-0.9712,-0.2028,-0.542,-0.0276,-0.121,-0.1894,-0.1232,-0.1516,0.0014,0.011,-0.1852,-0.4964,-0.2758
A,A,480,0.7416,0.0,0.9512,0.8694,1.7424,1.2382,9.9588,9.4094,0.827,-0.616,0.9606,1.127,9.8862,2.3076,2.2462,4.7892,3.8744,1.4676,0.8026,5.4528
D,A,482,0.2378,0.1842,0.2758,0.3484,0.4188,0.434,0.3778,0.4066,0.4468,0.173,0.2286,0.2024,0.3536,0.0952,-0.0072,0.0,0.0032,0.252,0.198,0.113
K,A,484,2.1864,1.5192,1.0874,0.1926,0.8098,0.3574,0.2394,0.153,2.0294,1.99,1.4436,1.6146,0.407,1.6044,1.4538,1.9994,1.9396,0.0042,0.7142,0.3482
